Chunk Size,Time (s),Data Race Conflicts,False Sharing Detected
1,11292.28691458702,0,0
2,5511.290731668472,0,0
4,4266.566112995148,0,0
8,5501.960354089737,0,0
16,4838.05655002594,0,0
