Chunk Size,Time (s),Speedup
1,3.4006474018096924,1.0
2,3.3773672580718994,1.0068929855591373
4,3.3621976375579834,1.0114359024651614
8,3.364454507827759,1.0107574330096385
16,3.366286516189575,1.0102073562232046
32,3.3568570613861084,1.0130450417228973
64,3.3720109462738037,1.008492396967908
